url_path,views_total,views_unique
/jongpie/NebulaCacheManager,18,13
/jongpie/NebulaCacheManager/blob/main/nebula-cache-manager/core/classes/CacheManager.cls,10,3
/jongpie/NebulaCacheManager/tree/main/nebula-cache-manager,10,3
/jongpie/NebulaCacheManager/tree/main/nebula-cache-manager/core,8,3
/jongpie/NebulaCacheManager/tree/main/nebula-cache-manager/core/classes,8,3
/jongpie/NebulaCacheManager/blob/main/nebula-cache-manager/core/classes/CacheManager_Tests.cls,7,1
/jongpie/NebulaCacheManager/tree/main/nebula-cache-manager/core/cachePartitions,4,3
/jongpie/NebulaCacheManager/tree/main/nebula-cache-manager/recipes/classes,4,2
/jongpie/NebulaCacheManager/blob/main/nebula-cache-manager/core/cachePartitions/CacheManagerPartition.cachePartition-meta.xml,3,2
/jongpie/NebulaCacheManager/blob/main/nebula-cache-manager/recipes/classes/RecordSelector.cls,2,2
